{
  "scale": 0.96,
  "graph": {
    "1-a": {
      "x": 453.18580301240036,
      "y": 366.18577497739716,
      "reward": -1.0,
      "neighbors": [
        "2-a",
        "2-b"
      ]
    },
    "2-a": {
      "x": 571.6618404387985,
      "y": 322.23996509659787,
      "reward": 1.5,
      "neighbors": [
        "3-a",
        "3-b"
      ]
    },
    "2-b": {
      "x": 571.7118404387986,
      "y": 417.9582113553963,
      "reward": 1.5,
      "neighbors": [
        "3-a"
      ]
    },
    "3-a": {
      "x": 679.0641563083971,
      "y": 410.14821135539626,
      "reward": 2.0,
      "neighbors": [
        "4-a",
        "4-b"
      ]
    },
    "3-b": {
      "x": 676.798225919197,
      "y": 325.46199990199784,
      "reward": 2.0,
      "neighbors": [
        "4-a",
        "4-b"
      ]
    },
    "4-a": {
      "x": 789.9688550373953,
      "y": 325.0640347073978,
      "reward": 3.5,
      "neighbors": [
        "5-b",
        "5-c",
        "5-a"
      ]
    },
    "4-b": {
      "x": 791.5301667617955,
      "y": 410.1904079661962,
      "reward": 3.5,
      "neighbors": [
        "5-b",
        "5-c",
        "5-a"
      ]
    },
    "5-a": {
      "x": 908.2311709069936,
      "y": 281.23078171299835,
      "reward": 4.0,
      "neighbors": [
        "6-b",
        "6-a"
      ]
    },
    "5-b": {
      "x": 910.3628576583938,
      "y": 371.2520534205971,
      "reward": 4.0,
      "neighbors": [
        "6-b",
        "6-a"
      ]
    },
    "5-c": {
      "x": 907.3948924637939,
      "y": 450.3316383767958,
      "reward": 4.0,
      "neighbors": [
        "6-b",
        "6-a"
      ]
    },
    "6-a": {
      "x": 1033.7949995009922,
      "y": 314.01147782099804,
      "reward": 4.5,
      "neighbors": [
        "7-a"
      ]
    },
    "7-a": {
      "x": 1159.8345844571909,
      "y": 371.20019264219695,
      "reward": 5.0,
      "neighbors": [
        "end"
      ]
    },
    "end": {
      "x": 1262.9754748410587,
      "y": 369.41221092294427,
      "reward": 10.0,
      "neighbors": []
    },
    "6-b": {
      "x": 1031.2897652197921,
      "y": 412.9341417445962,
      "reward": 4.5,
      "neighbors": [
        "7-a"
      ]
    }
  }
}